{
  "label_aps": {
    "car": {
      "0.5": 0.0,
      "1.0": 0.0,
      "2.0": 0.004883084359110018,
      "4.0": 0.006894059760622024
    },
    "truck": {
      "0.5": 0.0,
      "1.0": 0.0,
      "2.0": 0.0,
      "4.0": 0.0
    },
    "bus": {
      "0.5": 0.0,
      "1.0": 0.0,
      "2.0": 0.006724743877521656,
      "4.0": 0.009221133202071208
    },
    "trailer": {
      "0.5": 0.0,
      "1.0": 0.0,
      "2.0": 0.0,
      "4.0": 0.0
    },
    "construction_vehicle": {
      "0.5": 0.0,
      "1.0": 0.0,
      "2.0": 0.001881286591537814,
      "4.0": 0.01753717968559118
    },
    "pedestrian": {
      "0.5": 0.01168696445732271,
      "1.0": 0.027621129136985213,
      "2.0": 0.03967271961995295,
      "4.0": 0.048478540376275234
    },
    "motorcycle": {
      "0.5": 0.0,
      "1.0": 0.0,
      "2.0": 0.0,
      "4.0": 0.0
    },
    "bicycle": {
      "0.5": 0.024782853520384472,
      "1.0": 0.07108602150628247,
      "2.0": 0.08692410953371713,
      "4.0": 0.09152472978727721
    },
    "traffic_cone": {
      "0.5": 0.14926261114163034,
      "1.0": 0.1927356982389589,
      "2.0": 0.22568219111896407,
      "4.0": 0.2473760711772063
    },
    "barrier": {
      "0.5": 0.00028105890357842784,
      "1.0": 0.011951402447461104,
      "2.0": 0.016858313318517764,
      "4.0": 0.019764494155956946
    }
  },
  "mean_dist_aps": {
    "car": 0.0029442860299330104,
    "truck": 0.0,
    "bus": 0.003986469269898216,
    "trailer": 0.0,
    "construction_vehicle": 0.004854616569282249,
    "pedestrian": 0.03186483839763403,
    "motorcycle": 0.0,
    "bicycle": 0.06857942858691532,
    "traffic_cone": 0.2037641429191899,
    "barrier": 0.012213817206378562
  },
  "mean_ap": 0.03282075989792313,
  "label_tp_errors": {
    "car": {
      "trans_err": 0.41826014348312907,
      "scale_err": 0.17854863157228276,
      "orient_err": 0.26986534565445713,
      "vel_err": 0.4919785577479153,
      "attr_err": 0.19862955537107801
    },
    "truck": {
      "trans_err": 1.0,
      "scale_err": 1.0,
      "orient_err": 1.0,
      "vel_err": 1.0,
      "attr_err": 1.0
    },
    "bus": {
      "trans_err": 0.5731498127193926,
      "scale_err": 0.1895097183145405,
      "orient_err": 0.06174445478451794,
      "vel_err": 0.49586546096971423,
      "attr_err": 0.11013834928960298
    },
    "trailer": {
      "trans_err": 1.0,
      "scale_err": 1.0,
      "orient_err": 1.0,
      "vel_err": 1.0,
      "attr_err": 1.0
    },
    "construction_vehicle": {
      "trans_err": 1.0248444300235338,
      "scale_err": 0.6033531264296824,
      "orient_err": 1.2682619369972128,
      "vel_err": 0.06508110894846593,
      "attr_err": 0.37127176743730295
    },
    "pedestrian": {
      "trans_err": 0.6461051657020795,
      "scale_err": 0.30097625121602345,
      "orient_err": 0.7991462235248071,
      "vel_err": 0.4389783242665387,
      "attr_err": 0.1760311789513152
    },
    "motorcycle": {
      "trans_err": 1.0,
      "scale_err": 1.0,
      "orient_err": 1.0,
      "vel_err": 1.0,
      "attr_err": 1.0
    },
    "bicycle": {
      "trans_err": 0.4130839013272983,
      "scale_err": 0.23412863087445182,
      "orient_err": 0.7388886660711685,
      "vel_err": 0.2963738485627966,
      "attr_err": 0.01754316546644848
    },
    "traffic_cone": {
      "trans_err": 0.3868868298267301,
      "scale_err": 0.374736662674189,
      "orient_err": NaN,
      "vel_err": NaN,
      "attr_err": NaN
    },
    "barrier": {
      "trans_err": 0.44708205332626827,
      "scale_err": 0.24226634038092257,
      "orient_err": 0.18717954512331292,
      "vel_err": NaN,
      "attr_err": NaN
    }
  },
  "tp_errors": {
    "trans_err": 0.6909412336408431,
    "scale_err": 0.5123519361462092,
    "orient_err": 0.7027873524617196,
    "vel_err": 0.5985346625619288,
    "attr_err": 0.48420175206446847
  },
  "tp_scores": {
    "trans_err": 0.30905876635915686,
    "scale_err": 0.4876480638537908,
    "orient_err": 0.29721264753828036,
    "vel_err": 0.4014653374380712,
    "attr_err": 0.5157982479355315
  },
  "nd_score": 0.21752868626144464,
  "eval_time": 11.150437355041504,
  "cfg": {
    "class_range": {
      "car": 50,
      "truck": 50,
      "bus": 50,
      "trailer": 50,
      "construction_vehicle": 50,
      "pedestrian": 40,
      "motorcycle": 40,
      "bicycle": 40,
      "traffic_cone": 30,
      "barrier": 30
    },
    "dist_fcn": "center_distance",
    "dist_ths": [
      0.5,
      1.0,
      2.0,
      4.0
    ],
    "dist_th_tp": 2.0,
    "min_recall": 0.1,
    "min_precision": 0.1,
    "max_boxes_per_sample": 500,
    "mean_ap_weight": 5
  },
  "meta": {
    "use_lidar": false,
    "use_camera": true,
    "use_radar": true,
    "use_map": false,
    "use_external": false
  }
}